{
    "134272570": {
        "editor_effect": {
            "model_id": 134247655,
            "preview_icon": "",
            "name": "\u706b\u7130",
            "describe": "134272570",
            "key": 134272570,
            "res_type": "kkres",
            "res_identify": "",
            "scale": 1.0,
            "uid": "134272570",
            "source_effect": [
                104299
            ],
            "version": 1,
            "md5": "be3b97640620b2399ac6c70e14206bab",
            "deps_info": {
                "deps": [
                    [
                        "editor_icon",
                        903069
                    ],
                    [
                        "editor_icon",
                        903272
                    ],
                    [
                        "editor_icon",
                        903356
                    ]
                ],
                "sound_id_list": []
            }
        },
        "model": {
            "name": "\u706b\u7130",
            "model_id": 134247655,
            "effect_path": "Fx_Effect/Effect_Editor/Fire/Effect_Editor_fire_test_copy",
            "meshes": [],
            "custom": true,
            "effect_keep": true,
            "effect_max_life": -1,
            "is_beam_effect": false
        }
    },
    "sub_type": null,
    "res_type": "editor_effect",
    "import_export_folder_info": "/code_explorer_custom_root_folder_name"
}